[
  {
    "target_image": "15the-annunciation-from-altar-of-philip-the-bold-1399.jpg!Large.jpg",
    "responses": "earthy, warm,",
    "row": 11,
    "subject_id": "5f50e3d60305bb088998b766",
    "distractorOne": "15Mondrian3.jpg",
    "distractorTwo": "15still-life.jpg",
    "distractorThree": "15the-day-dream-1880.jpg!Large.jpg",
    "time_elapsed": 175706
  },
  {
    "target_image": "15gladiators-1940.jpg",
    "responses": "pastel, cool, dreamy",
    "row": 12,
    "subject_id": "5f50e3d60305bb088998b766",
    "distractorOne": "15oberstdorf-mountains-1912.jpg!Large.jpg",
    "distractorTwo": "15kateryna-1951.jpg!Large.jpg",
    "distractorThree": "15Klee1.jpg",
    "time_elapsed": 202472
  },
  {
    "target_image": "15Rothko.jpg",
    "responses": "muted, warm",
    "row": 13,
    "subject_id": "5f50e3d60305bb088998b766",
    "distractorOne": "15the-liver-is-the-cock-s-comb.jpg",
    "distractorTwo": "15samuel-palmera-hilly-scene-1828.jpg!Large.jpg",
    "distractorThree": "15the-snow-maiden.jpg!Large.jpg",
    "time_elapsed": 224809
  },
  {
    "target_image": "15Picasso.jpg",
    "responses": "warm, neutral",
    "row": 14,
    "subject_id": "5f50e3d60305bb088998b766",
    "distractorOne": "15Rodchenko1.jpg",
    "distractorTwo": "15Matisse.jpg",
    "distractorThree": "15MaxErnst.jpg",
    "time_elapsed": 251211
  },
  {
    "target_image": "15ballad-of-epona-1900.jpg!Large.jpg",
    "responses": "deep, firey, warm",
    "row": 15,
    "subject_id": "5f50e3d60305bb088998b766",
    "distractorOne": "15Cezanne.jpg",
    "distractorTwo": "15Pollock1.jpg",
    "distractorThree": "15portrait-of-daughter-1912.jpg",
    "time_elapsed": 270207
  },
  {
    "target_image": "15lilacs-in-a-purse-on-the-floor-1955.jpg!Large.jpg",
    "responses": "delicate, cool,",
    "row": 16,
    "subject_id": "5f50e3d60305bb088998b766",
    "distractorOne": "15portrait-of-miss-scobell-in-a-bathchair-the-convalescent.jpg",
    "distractorTwo": "15Chirico.jpg",
    "distractorThree": "15RobertCampin.jpg",
    "time_elapsed": 292638
  },
  {
    "target_image": "15Klimt1.jpg",
    "responses": "sandy, mono, warm",
    "row": 17,
    "subject_id": "5f50e3d60305bb088998b766",
    "distractorOne": "15the-cast-off-doll-1921.jpg!Large.jpg",
    "distractorTwo": "15the-pink-candle-1910.jpg!Large.jpg",
    "distractorThree": "15the-row.jpg!Large.jpg",
    "time_elapsed": 316641
  }
]